contact_id,last_name,first_name,email
4661,Velasco,Cecilia,cecilia.velasco@rodrigues.fr
3765,Ellis,Mariana,mariana.ellis@rossi.org
4187,Woods,Sofie,sofie.woods@riviere.com
4941,Iannotti,Jeanette,jeanette.iannotti@yahoo.com
2199,Sorgatz,Samuel,samuel.sorgatz@gmail.com
5650,Luna,Socorro,socorro.luna@hotmail.com
5889,Murray,Carolina,carolina.murray@knight.com
4842,Moon,Kayla,kayla.moon@yahoo.de
3280,Geisel,Ariadna,ariadna.geisel@rangel.com
5468,Ladeck,Danielle,danielle.ladeck@scalfaro.net
3064,Thompson,Tatiana,tatiana.thompson@hunt.net
4904,Benavides,Caleb,caleb.benavides@rubio.com
1299,Hardy,Sandra,sandra.hardy@web.de
5602,Morris,Lotti,lotti.morris@yahoo.co.uk
5753,White,Reinhilde,reinhilde.white@voila.fr
4495,Patel,Kerry,kerry.patel@hutchinson.com
4269,Antoine,Sophie,sophie.antoine@andersen.com
2226,Girard,Martha,martha.girard@web.de
1558,King,Stephanie,stephanie.king@cervantes.com
2307,Palmer,Amanda,amanda.palmer@didier.fr
2900,Alcala,Lina,lina.alcala@vespa.net
5695,Murphy,Itzel,itzel.murphy@muelichen.de
5708,Parry,Filippo,filippo.parry@live.com
1663,Cole,Katelyn,katelyn.cole@fiebig.com
3605,Novak,Brian,brian.novak@ford.net
4678,Gay,Cilly,cilly.gay@callegaro.it
2251,Snyder,Yolanda,yolanda.snyder@gmx.de
6202,Odonnell,Evelin,evelin.odonnell@ibarra.net
3715,Alba,Ingeborg,ingeborg.alba@hotmail.com
4242,Madrid,Marina,marina.madrid@galarza-alba.com
4326,Goodwin,Sheila,sheila.goodwin@yahoo.com
5560,Rich,Valeria,valeria.rich@turchetta-mondadori.it
4002,Camacho,Dustin,dustin.camacho@rhodes.org.au
3813,Marenzio,Amalia,amalia.marenzio@grupo.com
5336,Long,Gian,gian.long@hotmail.com
4994,Hunt,Stewart,stewart.hunt@anderson-vargas.biz
1471,Ruiz,Greca,greca.ruiz@carr.co.uk
4482,Olivera,Gerald,gerald.olivera@outlook.com
3241,Wallace,Jaqueline,jaqueline.wallace@gmail.com
3477,Lane,John,john.lane@gregoire.fr
2265,Joly,Pero,pero.joly@bernard.net
5911,Turner,Chad,chad.turner@gmail.com
2288,Zavala,Adam,adam.zavala@guichard.fr
4064,Rivera,Tyler,tyler.rivera@guajardo-ozuna.com
1294,Graham,Jens,jens.graham@jones-buckley.com
5008,Caetani,Virginia,virginia.caetani@sosa.biz
3604,Wagner,Martino,martino.wagner@laposte.net
3263,Meyer,Martin,martin.meyer@davis.co.uk
5631,Walls,Marguerite,marguerite.walls@martinez.fr
2851,Vogt,Peter,peter.vogt@yahoo.com
3714,Christian,Nicholas,nicholas.christian@hotmail.de
1664,Steinberg,Susi,susi.steinberg@preiss.com
5027,Ramazzotti,Tammy,tammy.ramazzotti@gmail.com
3070,Thomas,Abdul,abdul.thomas@vasari.com
4248,Luxardo,Justin,justin.luxardo@googlemail.com
2034,Gibson,Antonio,antonio.gibson@faust.net
4085,Gomez,Jeremy,jeremy.gomez@oconnor.org
3569,Solorzano,Raymond,raymond.solorzano@gmail.com
3889,Harris,Flora,flora.harris@hotmail.com.au
3136,Boyd,Cheryl,cheryl.boyd@segni.it
2103,Leiva,Rhys,rhys.leiva@gmx.de
2329,Prieto,Mariano,mariano.prieto@vodafone.it
3325,Fibonacci,Laurie,laurie.fibonacci@gmail.com
3131,Rudolph,David,david.rudolph@nelson.com
4995,Ross,Bryan,bryan.ross@yahoo.com
3631,Brown,Ubaldo,ubaldo.brown@philippe.com
5373,Faulkner,Clelia,clelia.faulkner@hotmail.com
3126,Erickson,Sara,sara.erickson@yahoo.de
2194,Valle,Rupert,rupert.valle@filogamo.it
2906,Kitzmann,Puccio,puccio.kitzmann@yahoo.com
2611,Hutchinson,Thomas,thomas.hutchinson@gmx.de
2374,Castro,Abelardo,abelardo.castro@gmail.com
3254,Walker,Greco,greco.walker@yahoo.com
3571,Lacombe,Miranda,miranda.lacombe@longoria-vanegas.net
2812,Schuchhardt,Diana,diana.schuchhardt@libero.it
3961,Knox,Stacey,stacey.knox@corporacin.com
3872,Faivre,Glen,glen.faivre@yahoo.com
4736,Torres,Andrew,andrew.torres@ruiz-torres.org
5119,Fritz,Denny,denny.fritz@despacho.biz
5725,Caldera,Martyn,martyn.caldera@hotmail.co.uk
4037,Foster,Abigail,abigail.foster@taylor.net
2109,Hauffer,Anthony,anthony.hauffer@tlustek.org
3283,Gerlach,Roger,roger.gerlach@may-mitchell.co.uk
6181,Poirier,Christopher,christopher.poirier@hotmail.com
3251,Traore,Branka,branka.traore@jacobi.com
3443,Etienne,Briana,briana.etienne@bishop-coates.com
2988,Olson,Brandon,brandon.olson@prince-moreno.net
1673,Ungaretti,Celia,celia.ungaretti@fox.com
2085,Guibert,Barbara,barbara.guibert@casares-sanches.com
1672,Bell,Daniela,daniela.bell@vollbrecht.org
4426,Gurule,Phyllis,phyllis.gurule@rodriguez-pham.com
3211,Joseph,Alejandra,alejandra.joseph@escalante-abrego.biz
3190,Bohlander,Giulio,giulio.bohlander@dbmail.com
2081,Weller,Amber,amber.weller@toso.eu
3185,Etzold,Mary,mary.etzold@conrad-harrison.com
5044,Georges,Amy,amy.georges@raedel.de
1883,Giraud,Jennifer,jennifer.giraud@yahoo.com
2067,Peltier,Rosie,rosie.peltier@voila.fr
4604,Ward,Oreste,oreste.ward@proyectos.com
3203,Edwards,Luis,luis.edwards@live.com
5758,Griffiths,Fiona,fiona.griffiths@curatoli-verdone.it
5755,Raya,Sally,sally.raya@tarchetti.it
5150,Charpentier,Carolyn,carolyn.charpentier@hotmail.de
4181,Alvarez,Nathalie,nathalie.alvarez@live.com
3006,Lowery,Abril,abril.lowery@novak.net
4865,Sullivan,Ottone,ottone.sullivan@hussain-kaur.com
2862,Sollima,Esmeralda,esmeralda.sollima@visintini.it
6070,Gierschner,Silvia,silvia.gierschner@tele2.it
5300,Cunningham,Kyle,kyle.cunningham@voila.fr
3486,Carpentier,Anel,anel.carpentier@klein-joseph.org
5989,Davis,Sarah,sarah.davis@david.com
2849,Klein,Luke,luke.klein@hotmail.com
1612,Mueller,Gudrun,gudrun.mueller@dillon-fuller.info
3307,Canali,Melissa,melissa.canali@libero.it
5288,Ayala,Gabrielle,gabrielle.ayala@hotmail.com
6026,Buckley,Laura,laura.buckley@ryan.org
2212,Lorch,Wilfrido,wilfrido.lorch@leclerc.fr
4591,Bruder,Robert,robert.bruder@manzoni.com
2771,Soliz,Phillip,phillip.soliz@outlook.com
5682,Smith,Alex,alex.smith@fournier.fr
5368,Martinez,Jessica,jessica.martinez@salieri.com
3706,Carter,Kelly,kelly.carter@hotmail.com.au
4034,Sosa,Ahmad,ahmad.sosa@gmail.com
3209,Iglesias,Toralf,toralf.iglesias@borrego.com
2384,Anichini,Irene,irene.anichini@yahoo.com
3074,Cainero,Alicia,alicia.cainero@yahoo.com
2031,Laboy,Tracey,tracey.laboy@bell.biz
5873,Reynaud,Donald,donald.reynaud@green.edu.au
5501,Stadelmann,Venancio,venancio.stadelmann@gmx.de
3489,Olivier,Seth,seth.olivier@yahoo.com
4210,Boaga,Dennis,dennis.boaga@gmx.de
6151,Wilson,Pedro,pedro.wilson@outlook.com
6047,Weihmann,Roland,roland.weihmann@gmail.com
5445,Morrison,Hector,hector.morrison@web.de
5493,Peters,Evangelos,evangelos.peters@sanchez.net
6036,Hamilton,Gerardo,gerardo.hamilton@libero.it
2368,Cuzzocrea,Meta,meta.cuzzocrea@howard-jensen.org
1501,Raymond,Alma,alma.raymond@tin.it
4351,Solimena,Kathleen,kathleen.solimena@wallace.biz
3096,Cordier,Zacharie,zacharie.cordier@gmail.com
6162,Techer,Riza,riza.techer@yahoo.com
1433,Guillen,Enrique,enrique.guillen@hotmail.co.uk
2720,Weeks,Tristan,tristan.weeks@pena.com
5251,Lerma,Natalie,natalie.lerma@boucher.com
1797,Hamon,Rodney,rodney.hamon@hotmail.com
1656,Lombardo,Adalberto,adalberto.lombardo@sfr.fr
1346,Querini,Florencia,florencia.querini@gmail.com
2989,Rolland,Liam,liam.rolland@yahoo.fr
5629,Kelly,Ian,ian.kelly@reeves.com.au
3456,Todd,Mehdi,mehdi.todd@web.de
3229,Liguori,Rembrandt,rembrandt.liguori@davis.org
2277,Schweitzer,Irmi,irmi.schweitzer@ozuna.com
1276,Stein,Gioffre,gioffre.stein@hotmail.com.au
3694,Villarreal,Frida,frida.villarreal@hotmail.de
2260,Mangold,Steffen,steffen.mangold@paul.net
5374,Marin,Elias,elias.marin@herve.net
4420,Gonzalez,Roman,roman.gonzalez@anderson.net
3849,Middleton,Reina,reina.middleton@hotmail.com
1638,Moran,Sandro,sandro.moran@hotmail.de
5230,Thanel,Gebhard,gebhard.thanel@gmail.com
1763,Bolander,Antonino,antonino.bolander@gmail.com
4323,Trevisani,Karl,karl.trevisani@anguissola.it
5256,Brookes,Silvester,silvester.brookes@franco.org
4836,Pratt,Octavio,octavio.pratt@web.de
5981,Greer,Rebecca,rebecca.greer@hotmail.com
1463,Gaggini,Pierina,pierina.gaggini@free.fr
4577,Schleich,Robin,robin.schleich@rogers-barrera.biz
4951,Abbott,Sergio,sergio.abbott@moore.net.au
3567,Evans,Gilberto,gilberto.evans@salcedo-archuleta.net
5475,Elliott,James,james.elliott@gmail.com
2114,Bolnbach,Timoteo,timoteo.bolnbach@laboratorios.com
5216,Stanley,Tonino,tonino.stanley@hotmail.com
1665,Murialdo,Margaretha,margaretha.murialdo@meunier.com
6051,Drubin,Bianca,bianca.drubin@libero.it
3983,Hoffmann,Kaylee,kaylee.hoffmann@poulain.com
2966,Vecellio,Teresa,teresa.vecellio@yahoo.com
4478,Tacchini,Emine,emine.tacchini@dbmail.com
4238,Cortez,Dawn,dawn.cortez@gmail.com
4404,Cundari,Emily,emily.cundari@clark.com.au
5666,Hall,Eleanor,eleanor.hall@hotmail.com
3691,Delgadillo,Monique,monique.delgadillo@hotmail.co.uk
2703,Warner,Arnaude,arnaude.warner@gmail.com
4253,Howell,Jason,jason.howell@gmx.de
5652,Mccullough,Nicole,nicole.mccullough@hall.com
3279,Esquibel,Rosmarie,rosmarie.esquibel@bouygtel.fr
3233,Ferreira,Leonor,leonor.ferreira@gmail.com
3017,Jones,Brett,brett.jones@alice.it
3482,Bien,Nino,nino.bien@gmail.com
2166,Tate,Jemma,jemma.tate@hotmail.de
4146,Rogers,Denis,denis.rogers@poste.it
2651,Khan,Vanesa,vanesa.khan@voila.fr
1409,Ojeda,Victoria,victoria.ojeda@doehn.com
3717,Martin,Eugenio,eugenio.martin@yahoo.de
3963,Hayes,Nancy,nancy.hayes@hotmail.com
2152,Jacob,Lara,lara.jacob@buckley.org
2974,Hernandez,Gino,gino.hernandez@covarrubias.com
1268,Tijerina,Vicente,vicente.tijerina@montanariello.com
1822,Brambilla,Michele,michele.brambilla@yahoo.com
5066,Ritacca,Dana,dana.ritacca@gmail.com
5075,Bachmann,Mitchell,mitchell.bachmann@suarez-cruz.com
3855,Key,Vincenza,vincenza.key@adams.com
5923,Gaillard,Salvador,salvador.gaillard@yahoo.de
1867,Rogner,Diane,diane.rogner@kelly.co.uk
4376,Laine,Josette,josette.laine@saracino-parisi.net
2785,Fiebig,Courtney,courtney.fiebig@doerschner.com
5884,Oliver,Hugues,hugues.oliver@stiffel.com
2441,Willis,Espartaco,espartaco.willis@hotmail.com
1243,Yoder,Flavia,flavia.yoder@hotmail.de
3411,Flores,Casey,casey.flores@baggio.org
2467,Cross,Calogero,calogero.cross@mercantini.it
1850,Begum,Charles,charles.begum@laboratorios.info
2604,Pollard,Adina,adina.pollard@outlook.com
1693,Lara,Natasha,natasha.lara@outlook.com
2969,Pottier,Benita,benita.pottier@sfr.fr
1544,Valdivia,Elizabeth,elizabeth.valdivia@gmail.com
4149,Huet,Mattia,mattia.huet@aol.de
3463,Howard,Geza,geza.howard@voila.fr
2939,Guillaume,Lauren,lauren.guillaume@sorgatz.org
2202,Baxter,Joanna,joanna.baxter@bruce-wright.com
1728,Metz,Tracy,tracy.metz@bryant.info
5362,Pena,Birgit,birgit.pena@armellini.it
4840,Papafava,Elvira,elvira.papafava@ifrance.com
2955,Delorme,Ernest,ernest.delorme@dowerg.de
5354,Grossi,Christy,christy.grossi@alarcon-tafoya.com
3847,Olmos,Hermelinda,hermelinda.olmos@portillo.com
3025,Fraser,Herbert,herbert.fraser@holloway.org.au
1615,Heydrich,Giancarlo,giancarlo.heydrich@hotmail.com
5154,Maldonado,Constance,constance.maldonado@spiess.net
5005,Carlier,Giampiero,giampiero.carlier@hotmail.com
1349,Jacquot,Carlo,carlo.jacquot@hotmail.com
3670,Robles,Gabriel,gabriel.robles@yahoo.com
2912,Gunpf,Gerd,gerd.gunpf@gmail.com
4336,Hellwig,Ashley,ashley.hellwig@libero.it
5576,Rosas,Patrick,patrick.rosas@yahoo.com
2736,Leonard,Lilla,lilla.leonard@jungfer.com
3321,Nicolas,Tony,tony.nicolas@morrocco-seddio.net
3353,Benedetti,Allegra,allegra.benedetti@miller.com
2336,Tafuri,Camille,camille.tafuri@aol.de
4369,Wheeler,Juan,juan.wheeler@gilmore.net
4464,Johnson,Leopoldo,leopoldo.johnson@hotmail.com.au
5626,Grenier,Dietmar,dietmar.grenier@tele2.it
1669,Scholl,Leonid,leonid.scholl@collin.com
5544,Contarini,Olivie,olivie.contarini@marshall-wright.biz
6078,Lacroix,Jeffery,jeffery.lacroix@medina.org
2580,Chavez,Edeltraud,edeltraud.chavez@hotmail.com.au
3592,Morvan,Mesut,mesut.morvan@gmail.com
4914,Jackson,Gregory,gregory.jackson@ortiz.com
3848,Rossi,Nicola,nicola.rossi@berry.org
2619,Collazo,Eddie,eddie.collazo@gmail.com
4605,Gardner,Philippe,philippe.gardner@howells-jones.net
6147,Fox,Roy,roy.fox@tejeda.com
1383,Garcia,Heiderose,heiderose.garcia@noos.fr
1757,Rowley,Claudine,claudine.rowley@industrias.com
4390,Roht,Astrid,astrid.roht@fastwebnet.it
4165,Burnett,Auguste,auguste.burnett@yahoo.fr
4529,Allen,Pellegrino,pellegrino.allen@gmail.com
6084,Bowers,Angela,angela.bowers@laboratorios.com
2916,Descamps,Michael,michael.descamps@gmail.com
2005,Kennedy,Heidelore,heidelore.kennedy@guinizzelli.org
2261,Koch,Lucrezia,lucrezia.koch@petit.com
5342,Accardo,Ivan,ivan.accardo@web.de
4087,Avogadro,Karen,karen.avogadro@yahoo.com
2761,Gallet,Laetitia,laetitia.gallet@aubry.org
2908,Gosselin,Amico,amico.gosselin@shaw.info
2155,Bowen,Ilaria,ilaria.bowen@hotmail.it
5642,Coardi,Marlen,marlen.coardi@colletti.eu
6217,Alexander,Rafael,rafael.alexander@jenkins.com
4222,Gabbana,Herma,herma.gabbana@hotmail.com
4798,Vespucci,Zachary,zachary.vespucci@industrias.com
5660,Richard,Marisol,marisol.richard@gmail.com
5000,Glover,Joseph,joseph.glover@laposte.net
2809,Neal,Lauretta,lauretta.neal@hotmail.de
3349,Sauvage,Simone,simone.sauvage@yahoo.com
3647,Brooks,Ramona,ramona.brooks@kensy.de
5745,Schwital,Gioele,gioele.schwital@moody.com
2583,Jimenez,Elena,elena.jimenez@yahoo.com.au
5441,Vargas,Pam,pam.vargas@guillot.net
2090,Morales,Alison,alison.morales@lewis.com
3386,Aumann,Marc,marc.aumann@holland.com
1816,Butler,Carla,carla.butler@yahoo.com
4718,Bruce,Dionigi,dionigi.bruce@industrias.com
1677,Henry,Frank,frank.henry@yahoo.com
4218,Pons,Brent,brent.pons@proyectos.net
4548,Liebelt,Patricia,patricia.liebelt@baca.org
1431,Sykes,Micheletto,micheletto.sykes@thompson-thompson.com
2830,Blanc,Rose,rose.blanc@grupo.com
4400,Singh,Vincent,vincent.singh@gmail.com
5773,Peacock,Jamie,jamie.peacock@interiano-nordio.com
4161,Dijoux,Giorgia,giorgia.dijoux@paul.com
2062,Piacentini,Serena,serena.piacentini@yahoo.de
3458,Posada,Dimitri,dimitri.posada@gmail.com
3174,Barillaro,Alexa,alexa.barillaro@ramos.net
5565,Kuhl,Megan,megan.kuhl@despacho.com
1906,Farinelli,Kaitlyn,kaitlyn.farinelli@outlook.com
5479,Castellitto,Jonathan,jonathan.castellitto@libero.it
4320,Terragni,Lisa,lisa.terragni@proyectos.com
4213,Petrucelli,Olivier,olivier.petrucelli@letta-raurica.eu
3373,Trobbiani,Jos,jos.trobbiani@samson.com
4184,Dawson,Mirjam,mirjam.dawson@yahoo.com
5472,Tessier,Javier,javier.tessier@mclaughlin.biz
5559,Collins,Mirjana,mirjana.collins@hotmail.com
5419,Tschentscher,Vanessa,vanessa.tschentscher@mitchell.com
4171,Cobb,Antonina,antonina.cobb@gibson.org
1302,Durand,Bernard,bernard.durand@royer.com
3520,Greggio,Corey,corey.greggio@johnson.org.au
6010,Couturier,Rodolfo,rodolfo.couturier@tim.it
4617,Cardenas,Pierre,pierre.cardenas@luzi-bonomo.eu
1417,Surian,Romeo,romeo.surian@batista.com
4770,Moreno,Ivo,ivo.moreno@hotmail.com
4328,Marie,Federico,federico.marie@jourdan.fr
5171,Boito,Maggie,maggie.boito@yahoo.com
4394,Hanson,Brianna,brianna.hanson@stanley.com
1794,Bourgeois,Heiko,heiko.bourgeois@togliatti.com
3510,Gritti,Benito,benito.gritti@gmail.com
2487,Junk,Mitzy,mitzy.junk@zaragoza.com
2215,Lowe,Samantha,samantha.lowe@praga.it
4136,Nerger,Ernesto,ernesto.nerger@middleton.co.uk
3723,Canova,Melinda,melinda.canova@orange.fr
5842,Hartung,Mohammad,mohammad.hartung@hotmail.com
3289,Maillot,Ben,ben.maillot@ramos.net
1249,Pruschke,Isabel,isabel.pruschke@gmail.com
5409,Franceschi,Linda,linda.franceschi@richards.net
2951,Striebitz,Olivia,olivia.striebitz@gmail.com
3432,Watson,Penny,penny.watson@matthews.net
2297,James,Manfred,manfred.james@davies.org
6161,Pierce,Hazel,hazel.pierce@outlook.com
4603,Bates,Alf,alf.bates@dunn.com
5818,Gough,Scott,scott.gough@industrias.com
4270,Briones,Konrad,konrad.briones@fierro.com
6007,Kruschwitz,Mathilde,mathilde.kruschwitz@yahoo.com
4084,Gemito,Irma,irma.gemito@googlemail.com
1340,Guyon,Antoine,antoine.guyon@yahoo.com
5675,Gibilisco,William,william.gibilisco@gaillard.com
2010,Butte,Judith,judith.butte@fischer-vaughn.info
6201,Henderson,Joanne,joanne.henderson@gmail.com
1791,Arellano,Ludovica,ludovica.arellano@morandi-argento.com
3314,Gray,Catherine,catherine.gray@hotmail.com
5852,Fioravanti,Franco,franco.fioravanti@barry-gill.com.au
4618,Zimmer,Heather,heather.zimmer@bluemel.de
2618,Taylor,Hortense,hortense.taylor@chambers.biz
4967,Ernst,Livia,livia.ernst@colas.fr
4594,Etzler,Toby,toby.etzler@industrias.com
2080,Leoncavallo,Ennio,ennio.leoncavallo@sanchez.org
2793,Vaca,Philippine,philippine.vaca@hotmail.com
4890,Phillips,Rhonda,rhonda.phillips@yahoo.com
3528,Nitto,Alphonse,alphonse.nitto@voila.fr
5810,Arreola,Karina,karina.arreola@yahoo.com.au
5720,Wood,Denise,denise.wood@mantegna.com
4593,Rosenow,Burghard,burghard.rosenow@hotmail.com
3186,Powell,Friedl,friedl.powell@laposte.net
5136,Schultz,Benjamin,benjamin.schultz@rivero-davila.com
2646,Ulibarri,Rachel,rachel.ulibarri@schueler.com
3460,Blanchet,Silvano,silvano.blanchet@yahoo.com
4345,Sauer,Kurt,kurt.sauer@almanza.biz
2690,Gehringer,Nayeli,nayeli.gehringer@hotmail.com
4025,Guerin,Imelda,imelda.guerin@stumpf.net
4524,Holmes,Zbigniew,zbigniew.holmes@stiffel.net
3978,Alfonsi,Adela,adela.alfonsi@despacho.com
3910,Clark,Hilary,hilary.clark@libero.it
5825,Molina,Kornelius,kornelius.molina@heuser.com
3564,Anderson,Christian,christian.anderson@tim.it
2396,Dorsey,Francisco,francisco.dorsey@tiscali.fr
2140,Albert,Walli,walli.albert@dussen.com
3079,Mota,Siegrun,siegrun.mota@matthews-montoya.org.au
2017,Herve,Alberico,alberico.herve@beer.net
5444,Bonnin,Serafina,serafina.bonnin@mendes.com
2216,Bender,Marcelle,marcelle.bender@edwards-robinson.info
1241,Robertson,Hartmuth,hartmuth.robertson@thomas.edu.au
1484,George,Herlinde,herlinde.george@free.fr
3475,Payne,Pamela,pamela.payne@yahoo.com
4333,Beyer,Gastone,gastone.beyer@stewart-sanchez.edu
5657,Berengario,Lydia,lydia.berengario@aol.de
2527,Davidson,Lucy,lucy.davidson@tele2.it
5967,Wade,Franck,franck.wade@gute.org
5698,Barker,Heidi,heidi.barker@gmail.com
3331,Ocasio,Arnaldo,arnaldo.ocasio@hotmail.com
3841,Bernier,Francis,francis.bernier@rodriguez.com
6105,Strong,Johanne,johanne.strong@yahoo.de
3895,Langlois,Debra,debra.langlois@schmiedecke.com
1891,Kambs,Reingard,reingard.kambs@sagese.eu
1281,Ortiz,Mauro,mauro.ortiz@oquendo.net
4186,Carranza,Griselda,griselda.carranza@krause.de
2511,Madrigal,Janet,janet.madrigal@gmail.com
4272,Day,Jenna,jenna.day@reed.com
3533,Wright,Modesto,modesto.wright@pareto.com
3618,Wall,Alice,alice.wall@zaccardo.it
2177,Sontag,Brenda,brenda.sontag@solari.com
4102,Mace,Sergius,sergius.mace@palazzo.com
6089,Kline,Antonia,antonia.kline@gmail.com
4701,Gumprich,Maurice,maurice.gumprich@griffin.net.au
5645,Anders,Daniel,daniel.anders@yahoo.com
4499,Cattaneo,Zaira,zaira.cattaneo@yahoo.com
3365,Bruneau,Alessio,alessio.bruneau@hotmail.co.uk
2290,Guerrero,Gerdi,gerdi.guerrero@tele2.fr
1890,Stiebitz,Brigitte,brigitte.stiebitz@gmail.com
1304,Sinisi,June,june.sinisi@manzoni-giannini.it
3799,Macias,Carl,carl.macias@yahoo.com
2749,Trapp,Veronica,veronica.trapp@tiscali.it
2028,Garnier,Frances,frances.garnier@aporti-guidotti.org
2383,Iannelli,Terri,terri.iannelli@hotmail.com
5721,Moore,Odette,odette.moore@hall.edu
1394,Trujillo,Mercedes,mercedes.trujillo@aol.de
3451,Dumas,Babette,babette.dumas@brady.net
5512,Santiago,Jerry,jerry.santiago@soprano-ferragni.it
2453,Simpson,Ronald,ronald.simpson@ovadia.net
6055,Dominguez,Emmanuel,emmanuel.dominguez@gmail.com
5704,Ricciardi,Christiane,christiane.ricciardi@zavala.com
3707,Zamora,Ingolf,ingolf.zamora@yahoo.com.au
2205,Sharp,Rita,rita.sharp@beard-scott.edu.au
5976,Cabrera,Geraldine,geraldine.cabrera@green-smith.info
3290,Armas,Chantal,chantal.armas@jenkins.net
4257,Gilbert,Louis,louis.gilbert@gmail.com
4588,Collier,Michelle,michelle.collier@peruzzi.it
4785,Nicholson,Guillermina,guillermina.nicholson@grondin.fr
3033,Hopkins,Bertrand,bertrand.hopkins@gmail.com
2779,Palomo,Alonso,alonso.palomo@gehringer.de
2131,Rodriguez,Tina,tina.rodriguez@web.de
6229,Francis,Eva,eva.francis@parker.org
3429,Rust,Ottavio,ottavio.rust@crespi.com
1613,Olvera,Amelia,amelia.olvera@hotmail.com
4734,Palladio,Paul,paul.palladio@mclaughlin.net.au
4439,Wieloch,Bernardo,bernardo.wieloch@budig.com
1441,Hicks,Umberto,umberto.hicks@hill.com
5799,Bishop,Janko,janko.bishop@tim.it
1419,Meunier,Jessika,jessika.meunier@gmx.de
3059,Benard,Isaac,isaac.benard@googlemail.com
3224,Lambert,Alexandrie,alexandrie.lambert@yahoo.com
3181,Guyot,Roberto,roberto.guyot@bennett.com
6061,Lucas,Giulietta,giulietta.lucas@club.com
4466,Pininfarina,Damaris,damaris.pininfarina@gmail.com
6081,Renard,Fabrizia,fabrizia.renard@higgins-marks.com
2159,Dehmel,Camillo,camillo.dehmel@brown-campbell.com
3324,Parpinel,Ruggero,ruggero.parpinel@gmail.com
3176,Pratesi,Stephen,stephen.pratesi@hotmail.com
5874,Naccari,Ludger,ludger.naccari@ingram.biz
5110,Tapia,Meryem,meryem.tapia@yahoo.com
5490,Juvara,Jasmine,jasmine.juvara@yahoo.com.au
1922,Travaglia,Victoire,victoire.travaglia@zacchia.com
4398,Noel,Adrian,adrian.noel@perrin.com
4754,Howe,Marvin,marvin.howe@gmail.com
3309,Kidd,Hanne,hanne.kidd@yahoo.com
1244,Millet,Donatello,donatello.millet@fritsch.net
2892,Pascarella,Eloisa,eloisa.pascarella@gmail.com
2777,Zambrano,Erica,erica.zambrano@gmail.com
4952,Canales,Paula,paula.canales@gilmore-guerrero.com
5144,Bernard,Claudia,claudia.bernard@mazzanti.it
5487,Miller,Paulina,paulina.miller@lewis-barker.com
1932,Godfrey,Kathrin,kathrin.godfrey@tele2.fr
3364,Passalacqua,Pina,pina.passalacqua@yahoo.co.uk
5165,Miles,Julien,julien.miles@stevens-rose.com
3858,Benigni,Suzanne,suzanne.benigni@mennea-morlacchi.com
4666,Pugh,Annalisa,annalisa.pugh@hotmail.fr
2896,Maestas,Mathew,mathew.maestas@casas-garrido.com
4520,Vallee,Laszlo,laszlo.vallee@verdier.com
5726,Polanco,Helen,helen.polanco@hotmail.com
5661,Sorrentino,Mateo,mateo.sorrentino@calderon.com
4765,Barnes,Eric,eric.barnes@barrett-winter.com
3710,West,Dragica,dragica.west@yahoo.com.au
4925,Voisin,Antje,antje.voisin@gmail.com
1533,Mills,Stanley,stanley.mills@parker-lee.biz
5264,Meraz,Brandy,brandy.meraz@yahoo.com
4606,Reinhardt,Conor,conor.reinhardt@yahoo.com.au
2043,Blot,Gabino,gabino.blot@lewis-russell.org
3871,Lemus,Alvaro,alvaro.lemus@yahoo.com
6205,Wilms,Patrizia,patrizia.wilms@dbmail.com
3193,Coulon,Metin,metin.coulon@ashley.com
1810,Valencia,Reece,reece.valencia@laboy-palomo.com
4797,Schmiedecke,Troy,troy.schmiedecke@picard.com
1487,Bustos,Wendy,wendy.bustos@libero.it
3474,Caldwell,Guglielmo,guglielmo.caldwell@loeffler.com
5771,Cowan,Travis,travis.cowan@turner.info
6074,Abbagnale,Brandi,brandi.abbagnale@tele2.fr
1568,Gollum,Hanno,hanno.gollum@smith.com
4263,Burke,Jutta,jutta.burke@elliott.com
5850,Paz,Dorothe,dorothe.paz@fiebig.de
5619,Huerta,Desiree,desiree.huerta@morris.com
1904,Bray,Ilse,ilse.bray@venturi.it
5388,Scaduto,Pierpaolo,pierpaolo.scaduto@sanders-gibson.com.au
2150,Bradford,Amedeo,amedeo.bradford@yahoo.com
2653,Ali,Julia,julia.ali@yahoo.com
2687,Pizzetti,Catalina,catalina.pizzetti@tim.it
3779,Porzio,Dylan,dylan.porzio@yahoo.de
1494,Trincavelli,Iris,iris.trincavelli@tiscali.fr
4129,Guidotti,Johnathan,johnathan.guidotti@cox-sanchez.net
3035,Vollbrecht,Walburga,walburga.vollbrecht@aol.de
2069,David,Kendra,kendra.david@allan-morton.com
5469,Weiss,Aleksandr,aleksandr.weiss@blanc.org
3903,Guardado,Cornelio,cornelio.guardado@gmail.com
4083,Blackburn,Ferdi,ferdi.blackburn@christensen.net
4003,Gallagher,Bill,bill.gallagher@green.com
3565,Harvey,Leonard,leonard.harvey@hotmail.com
1640,Montenegro,Milan,milan.montenegro@langern.com
4769,Perez,Philip,philip.perez@hotmail.co.uk
3398,Hentschel,Kathryn,kathryn.hentschel@shaw.com
1865,Samson,Xavier,xavier.samson@baggio.it
5690,Roberts,Hartwig,hartwig.roberts@saraceno.net
3814,Chan,Kimberly,kimberly.chan@gmail.com
2942,Crawford,Lorraine,lorraine.crawford@gmail.com
5095,Knowles,Maximiliano,maximiliano.knowles@gmail.com
2878,Avila,Gabriella,gabriella.avila@gmail.com
3697,Mortati,Rico,rico.mortati@faivre.fr
4744,Petrocelli,Gail,gail.petrocelli@yahoo.com
2104,Niemeier,Liberto,liberto.niemeier@germano-dibiasi.it
4883,Petitjean,Luciana,luciana.petitjean@patterson-cole.biz
4807,Cavazos,Ron,ron.cavazos@yahoo.com
1372,Cibin,Aldo,aldo.cibin@gmx.de
3666,Serrano,Alexandre,alexandre.serrano@yahoo.co.uk
2066,Fagotto,Lori,lori.fagotto@hill-anderson.com
1834,Figueroa,Perla,perla.figueroa@live.com
5853,Hughes,Reginald,reginald.hughes@gmail.com
2219,Holt,Uriel,uriel.holt@gmail.com
4148,Lemonnier,Stefano,stefano.lemonnier@binner.com
4477,Cooper,Madeleine,madeleine.cooper@poste.it
1786,Barbier,Alban,alban.barbier@ortiz.org
3455,Finetti,Alfonso,alfonso.finetti@quiroz.com
5707,Kim,Ryan,ryan.kim@noos.fr
5470,Wohlgemut,Augustin,augustin.wohlgemut@watson.info
3274,Bibi,Rolando,rolando.bibi@tin.it
4613,Randall,Berthold,berthold.randall@mcdonald.com
4465,Briand,Genaro,genaro.briand@sfr.fr
1652,Jenkins,Rudolf,rudolf.jenkins@hotmail.com
2100,Ackermann,Pauline,pauline.ackermann@arredondo-roque.com
4321,Swanson,Folker,folker.swanson@rodrigues.fr
4168,Montez,Ashleigh,ashleigh.montez@perry-schneider.com
3733,Barber,Liliana,liliana.barber@libero.it
2594,Carr,Caridad,caridad.carr@huhn.com
3909,Borrego,Lolita,lolita.borrego@gmail.com
5179,Patrick,Gunar,gunar.patrick@leroy.com
2228,Verdier,Leokadia,leokadia.verdier@hotmail.com.au
6222,Reid,Hanna,hanna.reid@salas.org
2354,Kreusel,Edelgard,edelgard.kreusel@hotmail.com
1725,Perrin,Svenja,svenja.perrin@berger.com
2960,Taccola,Pierluigi,pierluigi.taccola@gmx.de
2077,Watts,Cilli,cilli.watts@yahoo.com
5662,Wells,Emiliano,emiliano.wells@gmx.de
3481,Davids,April,april.davids@fisher.info
2565,Didier,Dolores,dolores.didier@yahoo.com.au
4436,Bonomo,Sylvia,sylvia.bonomo@poulain.com
5072,Marsh,Nelly,nelly.marsh@hotmail.it
5200,Miniati,Beth,beth.miniati@hudson.net
4502,Merino,Renee,renee.merino@gmail.com
4945,Russell,Hailey,hailey.russell@jourdan.org
3012,Gotthard,Raphaela,raphaela.gotthard@outlook.com
6094,Comencini,Pomponio,pomponio.comencini@hotmail.co.uk
3815,Richardson,Leone,leone.richardson@yahoo.com
4838,Acosta,Valentine,valentine.acosta@peters.net
3469,Laureano,Ricciotti,ricciotti.laureano@parsons.com
4874,Heidrich,Jacques,jacques.heidrich@zamudio-chapa.com
1792,Snow,Anne,anne.snow@gmail.com
4356,Volta,Sonia,sonia.volta@gmx.de
6196,Leblanc,Dale,dale.leblanc@stewart.com
3578,Cruz,Alejandro,alejandro.cruz@hotmail.com
4491,Cugia,Elsa,elsa.cugia@yahoo.com
3054,Pechel,Geronimo,geronimo.pechel@hotmail.com
1968,Klemm,Melania,melania.klemm@seidel.com
5869,Cooley,Katherine,katherine.cooley@yahoo.com
5858,Larsen,Guillermo,guillermo.larsen@yahoo.com
5203,Barrios,Jill,jill.barrios@gmail.com
2577,Musatti,Austin,austin.musatti@tin.it
3216,Rose,Jacinto,jacinto.rose@yahoo.com
2037,Redi,Lucie,lucie.redi@googlemail.com
3867,Chapman,Tania,tania.chapman@remy.com
5109,Best,Alexandria,alexandria.best@yahoo.co.uk
1376,Scott,Edward,edward.scott@yahoo.com
5260,Wiley,Jake,jake.wiley@outlook.com
2350,Reuter,Claudio,claudio.reuter@morgan-collins.org.au
2269,Traetta,Laure,laure.traetta@kay-perkins.co.uk
3650,Valentin,Magarete,magarete.valentin@yahoo.com
3934,Hill,Paige,paige.hill@jones.org.au
4048,Curiel,Fulvio,fulvio.curiel@reynolds.com
4266,Camarillo,Thibaut,thibaut.camarillo@hotmail.com
3863,Blanchard,Romana,romana.blanchard@googlemail.com
4922,Savorgnan,Thibault,thibault.savorgnan@butler.biz
4517,Pausini,Alexander,alexander.pausini@gonzalez.info
3259,Scholtz,Pierangelo,pierangelo.scholtz@lefevre.com
3123,Keller,Emmanuelle,emmanuelle.keller@morton-clarke.com
3870,Deleon,Isabella,isabella.deleon@web.de
2996,Weitzel,Timothy,timothy.weitzel@gmail.com
2993,Ingram,Alfredo,alfredo.ingram@hotmail.com
4556,Kade,Francesca,francesca.kade@luna-rael.org
2326,Coleman,Tonia,tonia.coleman@hotmail.com
4109,Barbe,Gottfried,gottfried.barbe@hotmail.com
5739,Trommler,Jeffrey,jeffrey.trommler@yahoo.com
5887,Owens,Giacobbe,giacobbe.owens@huet.fr
1651,Pagliaro,Conchita,conchita.pagliaro@googlemail.com
1628,Delahaye,Kevin,kevin.delahaye@ellis-wilson.com
2642,Ovadia,Rouven,rouven.ovadia@gmail.com
6020,Laporte,Piermaria,piermaria.laporte@wesack.com
4747,Johann,Karolin,karolin.johann@hotmail.com
5534,Folliero,Steven,steven.folliero@noos.fr
4790,Rosselli,Livio,livio.rosselli@green.co.uk
4632,Leonardi,Gaetano,gaetano.leonardi@despacho.com
1952,Robinson,Cynthia,cynthia.robinson@gilles.net
4388,Aponte,Eleni,eleni.aponte@club-internet.fr
5529,Romo,Noelia,noelia.romo@yahoo.com
1316,Haynes,Evelyn,evelyn.haynes@clark.info
1670,Zaccagnini,Katharine,katharine.zaccagnini@hotmail.com
4909,Merle,Lea,lea.merle@stey.de
3401,Huynh,Marta,marta.huynh@hernandez.info
4619,Riley,Amador,amador.riley@hotmail.com
4722,Coles,Julie,julie.coles@hotmail.fr
2188,Telesio,Beverley,beverley.telesio@regnier.fr
5497,Mitschke,Corinne,corinne.mitschke@hauffer.net
5711,Ortega,Valerie,valerie.ortega@tele2.it
4076,Delle,Carlos,carlos.delle@hicks.com
1847,Besnard,Christina,christina.besnard@delorme.com
2816,Jacques,Rosario,rosario.jacques@yahoo.com
5019,Fischer,Celal,celal.fischer@aol.de
4869,Guzman,Leonardo,leonardo.guzman@andreozzi-abba.com
3613,Mason,Clinton,clinton.mason@yahoo.com
3069,Mallet,Loretta,loretta.mallet@sansoni-toscani.it
2601,Roero,Lorenzo,lorenzo.roero@hotmail.co.uk
2133,Gutierrez,Lando,lando.gutierrez@heser.com
3164,Patterson,Elaine,elaine.patterson@rose-morris.org
3897,Govoni,Marcella,marcella.govoni@barkholz.net
5663,Amaldi,Ettore,ettore.amaldi@germain.com
3879,Gallegos,Rufino,rufino.gallegos@webster-newton.co.uk
5900,Richards,Georges,georges.richards@macdonald.com
2272,Infantino,Janice,janice.infantino@hotmail.com
5436,Montanariello,Svetlana,svetlana.montanariello@putz.de
3676,Cedillo,Agnolo,agnolo.cedillo@laboratorios.biz
4676,Jockel,Hannah,hannah.jockel@ceravolo-tonisto.eu
1563,Stout,Yvonne,yvonne.stout@sims.edu
4349,Pace,Anouk,anouk.pace@gmail.com
1658,Valdez,Esteban,esteban.valdez@hotmail.com
2552,Davies,Angelina,angelina.davies@hotmail.com
4847,Cadena,Anastasie,anastasie.cadena@live.com
1553,Lettiere,Hansjoachim,hansjoachim.lettiere@hall-mcdaniel.net
2632,Tejada,Yeni,yeni.tejada@olson.edu.au
1908,Adinolfi,Dulce,dulce.adinolfi@hotmail.com
5801,Mielcarek,Sean,sean.mielcarek@gmail.com
1935,Fonseca,Omar,omar.fonseca@grupo.org
2609,Gucci,Henry,henry.gucci@leleu.fr
2740,Bottaro,Samira,samira.bottaro@vasseur.fr
1907,Arnold,Korinna,korinna.arnold@zapata-saenz.biz
1831,Ferrante,Marcela,marcela.ferrante@gmx.de
5177,Amaya,Douglas,douglas.amaya@favata-brenna.net
6179,Barrientos,Katherina,katherina.barrientos@trobbiani.eu
2917,Tran,Brittany,brittany.tran@tele2.it
1486,Reeves,Caroline,caroline.reeves@yahoo.com
3735,Michaud,Joe,joe.michaud@yahoo.fr
3838,Vittadello,Marco,marco.vittadello@gmail.com
2430,Webb,Kim,kim.webb@yahoo.com.au
2480,Zichichi,Eugenia,eugenia.zichichi@yahoo.com
3431,Rosemann,Aurore,aurore.rosemann@leoncavallo-rusticucci.com
1742,Luzi,Giustino,giustino.luzi@rolland.fr
4628,Galindo,Anita,anita.galindo@gmail.com
2385,Carrillo,Gunhild,gunhild.carrillo@elliott-gilbert.org
2213,Paul,Rosa,rosa.paul@bien.com
5188,Oneal,Marliese,marliese.oneal@gmail.com
3418,Hartmann,Bethany,bethany.hartmann@yahoo.com
5637,Martineau,Irina,irina.martineau@gmail.com
3530,Moulin,Beatriz,beatriz.moulin@pinto.com
3731,Austin,Lucas,lucas.austin@gmail.com
3219,Nohlmans,Carole,carole.nohlmans@yahoo.com
2392,Schmitt,Bozena,bozena.schmitt@vallet.com
5103,Foconi,Aimee,aimee.foconi@outlook.com
3992,Carrero,Marzena,marzena.carrero@roskoth.de
2442,Poulain,Raisa,raisa.poulain@fastwebnet.it
2913,Bennett,Marcantonio,marcantonio.bennett@hopkins.com.au
1631,Hurst,Kenneth,kenneth.hurst@meunier.net
4073,Mende,Marisela,marisela.mende@godoy-enriquez.com
4568,Villareal,Blanka,blanka.villareal@monduzzi.net
1830,Stoppani,Tomislav,tomislav.stoppani@corporacin.org
2623,Ammaniti,Krystal,krystal.ammaniti@barbier.fr
4327,Aporti,Deanna,deanna.aporti@bouygtel.fr
3713,Burns,Donatella,donatella.burns@yahoo.de
2389,Hooper,Margrit,margrit.hooper@douglas.com
5141,Marcacci,Baccio,baccio.marcacci@laposte.net
3522,Roman,Alfio,alfio.roman@hotmail.co.uk
1334,Soto,Soledad,soledad.soto@hotmail.de
4721,Cimarosa,Josh,josh.cimarosa@hotmail.com
3768,Rico,Nath,nath.rico@yahoo.com
1639,Armani,Gary,gary.armani@web.de
5149,Oquendo,Miriam,miriam.oquendo@smith-watson.biz
2153,Mohaupt,Monica,monica.mohaupt@live.com
2767,Ho,Alec,alec.ho@parra-esparza.com
5124,Fouquet,Harry,harry.fouquet@ibarra-cooper.com
2097,Babati,Arcelia,arcelia.babati@orange.fr
4796,Vespa,Trinidad,trinidad.vespa@gmail.com
5849,Ryan,Colette,colette.ryan@hotmail.com
1495,Andre,Richard,richard.andre@porras.org
2462,Leclercq,Ellinor,ellinor.leclercq@gmail.com
2280,Guillon,Patricio,patricio.guillon@web.de
1877,Chindamo,Kirsten,kirsten.chindamo@carrillo-wall.com
6108,Petruzzi,Leo,leo.petruzzi@yahoo.com
4427,Tomaselli,Margot,margot.tomaselli@junck.org
2881,Marks,Ansaldo,ansaldo.marks@patel-odonnell.com
2339,Morin,Regina,regina.morin@barcaccia.net
5156,Medici,Karla,karla.medici@yahoo.com
4750,Irizarry,Morgan,morgan.irizarry@williams-harris.biz
4852,Wong,Natividad,natividad.wong@hoevel.com
5734,Freeman,Anna,anna.freeman@snyder.net
3801,Vivaldi,Emilia,emilia.vivaldi@garnier.fr
4474,Cook,Gerda,gerda.cook@tin.it
1992,Faure,Andrey,andrey.faure@frederick-mitchell.info
5796,Duke,Charlotte,charlotte.duke@ochoa.org
1373,Castillo,Cindy,cindy.castillo@virgilio.it
1879,Thibault,Hiltrud,hiltrud.thibault@barbe.com
3072,Jaime,Kasimir,kasimir.jaime@gmail.com
4561,Lachmann,Sabine,sabine.lachmann@phillips.org
5201,Arroyo,Andrea,andrea.arroyo@yahoo.com.au
5871,Velasquez,Matthew,matthew.velasquez@gmail.com
3041,Linares,Severino,severino.linares@angeli.com
5864,Lomeli,Swantje,swantje.lomeli@gmx.de
3999,Espino,Marcus,marcus.espino@comolli.eu
4849,Gates,Allen,allen.gates@gmail.com
5461,Saunders,Mauricio,mauricio.saunders@hotmail.co.uk
5946,Cornejo,Gilbert,gilbert.cornejo@hotmail.com
4508,Gulotta,Letizia,letizia.gulotta@howard.biz
5096,Gutknecht,Etta,etta.gutknecht@leconte.net
5443,Perry,Shelley,shelley.perry@gierschner.de
2165,Williams,Geoffrey,geoffrey.williams@poste.it
2125,Stewart,Cory,cory.stewart@voila.fr
6141,Bartlett,Kristy,kristy.bartlett@outlook.com
5245,Beck,Gianluca,gianluca.beck@green.biz
2190,Krein,Guido,guido.krein@gmail.com
2243,Monnier,Leif,leif.monnier@querini.it
3336,Badoer,Jonas,jonas.badoer@kennedy.biz
3305,Ebert,Devin,devin.ebert@yahoo.fr
6191,Camiscione,Slobodan,slobodan.camiscione@hotmail.com
1326,Gauthier,Volkmar,volkmar.gauthier@hotmail.com
6159,Rowe,Jordan,jordan.rowe@outlook.com
2003,Daugherty,Manon,manon.daugherty@segre.com
5881,Segovia,Estela,estela.segovia@vodafone.it
1918,Celentano,Giada,giada.celentano@evans.net
2157,Salcedo,Clayton,clayton.salcedo@hotmail.co.uk
3149,Pinto,Raven,raven.pinto@hotmail.com
2444,Lewis,Lewis,lewis.lewis@pisano.net
6207,Rousseau,Rochus,rochus.rousseau@nguyen.com
5580,Gamez,Belinda,belinda.gamez@leleu.com
5942,Lozano,Angelo,angelo.lozano@macias.com
1592,Monti,Jorge,jorge.monti@clement.fr
2344,Harrell,Ricky,ricky.harrell@martin.edu
5995,Wulf,Adriano,adriano.wulf@schmidtke.net
5022,Bourdon,Pompeo,pompeo.bourdon@gmail.com
5991,Garrett,Kristie,kristie.garrett@wernecke.com
4020,Conley,Lodovico,lodovico.conley@yahoo.com
6028,Berthelot,Jean,jean.berthelot@oscuro.it
2790,Medina,Tadeusz,tadeusz.medina@jackson-clark.net
4033,Carriera,Ruby,ruby.carriera@hotmail.it
1261,Antonioni,Theres,theres.antonioni@hotmail.com
1979,Morton,Gloria,gloria.morton@outlook.com
2122,Jensen,Graziano,graziano.jensen@gmail.com
4506,Massey,Gianpaolo,gianpaolo.massey@bouvier.com
3016,Farmer,Alain,alain.farmer@hotmail.it
3272,Murillo,Renato,renato.murillo@club.com
1375,Ferraris,Edda,edda.ferraris@libero.it
4014,Marty,Luce,luce.marty@waehner.org
3199,Mitchell,Rotraud,rotraud.mitchell@laboratorios.com
2184,Watkins,Israel,israel.watkins@hotmail.com
2170,Jennings,Nathan,nathan.jennings@kim.com
1478,Proietti,Gavin,gavin.proietti@gmx.de
6163,Rios,Emma,emma.rios@yahoo.com.au
1889,Douglas,Todd,todd.douglas@web.de
5912,Holsten,Oscar,oscar.holsten@yahoo.com
2537,Peron,Ann,ann.peron@grupo.biz
2118,Grassi,Senta,senta.grassi@hotmail.com
3234,Mena,Kata,kata.mena@gmail.com
3842,Hethur,Gianfranco,gianfranco.hethur@stewart-lee.com.au
3032,Saraceno,Florentine,florentine.saraceno@gmail.com
3238,Bolzmann,Giuliano,giuliano.bolzmann@pacillo.it
2059,Kostolzin,Alwine,alwine.kostolzin@holloway.com
5238,Briggs,Giacinto,giacinto.briggs@yahoo.co.uk
2578,Negrete,Holly,holly.negrete@hotmail.com
4789,Trapanese,Mark,mark.trapanese@gmail.com
2357,Brun,Alyssa,alyssa.brun@chittolini-spadafora.it
1235,Chevalier,Cristina,cristina.chevalier@proyectos.com
3558,Lefevre,Shannon,shannon.lefevre@gmail.com
1707,Hornich,Logan,logan.hornich@tin.it
2842,Toro,Rosalia,rosalia.toro@free.fr
5318,Poerio,Reiner,reiner.poerio@yahoo.com
1620,Pages,Valentina,valentina.pages@hotmail.de
4998,Fabre,Enrico,enrico.fabre@gmail.com
3111,Begue,Sevim,sevim.begue@yahoo.com.au
1424,Patberg,Sonja,sonja.patberg@hotmail.com
3244,Hiller,Christine,christine.hiller@yahoo.com
4643,Beasley,Maik,maik.beasley@harper-brooks.biz
6132,Santana,Elliot,elliot.santana@gmx.de
3790,Renzi,Eloy,eloy.renzi@gmail.com
1312,Lutz,Wolf,wolf.lutz@nichols-jackson.com.au
5686,Lee,Giuseppe,giuseppe.lee@mahe.org
2111,Cuellar,Angelica,angelica.cuellar@zaguri-bellucci.net
5685,Normand,Bekir,bekir.normand@yahoo.de
1905,Gonzales,Carmine,carmine.gonzales@schleich.net
3271,Hubert,Marianne,marianne.hubert@hotmail.com
4178,Montes,Gonzalo,gonzalo.montes@hotmail.com
3275,Guichard,Shelly,shelly.guichard@gmail.com
5713,Carbajal,Tobias,tobias.carbajal@live.com
3339,Berry,Santiago,santiago.berry@aol.de
5585,Davenport,Emilio,emilio.davenport@zamora-russo.net
4407,Gute,Maurizio,maurizio.gute@knight.info
1941,Travaglio,Nadia,nadia.travaglio@colletti-broggini.com
4690,Barkholz,Elisa,elisa.barkholz@sfr.fr
3607,Mazzini,Cristal,cristal.mazzini@gmail.com
2670,Granados,Trevor,trevor.granados@gmail.com
5261,Mcdonald,Matthieu,matthieu.mcdonald@morrison.org
4121,Preston,Juliette,juliette.preston@gmail.com
4620,Montalvo,Stanislaw,stanislaw.montalvo@mcpherson-hughes.info
4630,Lollobrigida,Lilia,lilia.lollobrigida@le.com
3440,Shaw,Brigitta,brigitta.shaw@hotmail.co.uk
3572,Frey,Rebeca,rebeca.frey@gerard.fr
5306,Palacios,Nicolas,nicolas.palacios@meraz.com
5122,Bonneau,Susanna,susanna.bonneau@klingelhoefer.de
1368,Valentine,Romina,romina.valentine@hotmail.com
5370,Toussaint,Erika,erika.toussaint@sfr.fr
5636,Laurent,Lothar,lothar.laurent@garcia.com.au
6033,Verdugo,Chelsea,chelsea.verdugo@campbell.com
3599,Venier,Ria,ria.venier@murillo-estevez.com
5566,Summers,Carly,carly.summers@yahoo.co.uk
1873,Tomasini,Pasquale,pasquale.tomasini@hotmail.co.uk
3904,Ughi,Stefani,stefani.ughi@hotmail.it
4453,Huang,Jose,jose.huang@gmx.de
5481,Gaona,Petros,petros.gaona@googlemail.com
2987,Siering,Maximilian,maximilian.siering@gaito-fornaciari.org
2431,Holzapfel,Ermenegildo,ermenegildo.holzapfel@aol.de
4158,Leger,Damien,damien.leger@dixon.biz
3753,Barrera,Zeferino,zeferino.barrera@zedillo-velazquez.com
4391,Pohl,Alfred,alfred.pohl@fechner.net
2026,Gaito,Marissa,marissa.gaito@reed-campbell.edu
4547,Houston,Ariana,ariana.houston@hotmail.it
2798,Jacobs,Victor,victor.jacobs@young.com
4732,Lang,Henriette,henriette.lang@mimun.it
5126,Baca,Wilfriede,wilfriede.baca@caraballo.com
5151,Riviere,Lucia,lucia.riviere@samaniego.biz
2134,Vigorelli,Gordon,gordon.vigorelli@solano.com
5786,Salgado,Diethard,diethard.salgado@gmail.com
5515,Corrales,Sue,sue.corrales@cardenas-serna.org
4530,Salazar,Arthur,arthur.salazar@yahoo.com.au
4088,Schneider,Fortunata,fortunata.schneider@tiscali.it
3667,Serna,Gretchen,gretchen.serna@pichon.org
3286,Caron,Egon,egon.caron@hotmail.com
4804,Finzi,Roberta,roberta.finzi@knight-davies.co.uk
5768,Savage,Editha,editha.savage@davies.co.uk
6098,Emanuelli,Allan,allan.emanuelli@fernandes.org
2508,Lucero,Laurence,laurence.lucero@martin.org
5779,Draghi,Istvan,istvan.draghi@ifrance.com
1717,Bonnet,Luigi,luigi.bonnet@carriera-federico.it
3368,Fantozzi,Yuridia,yuridia.fantozzi@mcdonald.com
4265,Schmiedt,Eraldo,eraldo.schmiedt@hotmail.de
4455,Cox,Antoinette,antoinette.cox@bustamante.com
2940,Ocampo,Cameron,cameron.ocampo@hotmail.com.au
6144,Lawson,Lynn,lynn.lawson@leclercq.com
3657,Seifert,Natalia,natalia.seifert@ifrance.com
1537,Anguillara,Nuray,nuray.anguillara@yahoo.co.uk
2116,Morgan,Beate,beate.morgan@gmail.com
5102,Rees,Mario,mario.rees@gmx.de
5815,Junken,Galasso,galasso.junken@yahoo.co.uk
4250,Moses,Luca,luca.moses@franke.de
4533,Gertz,Aurelio,aurelio.gertz@hewitt.net
3329,Steele,Uberto,uberto.steele@outlook.com
3606,Hunter,Annie,annie.hunter@allen.co.uk
4749,Mccarty,Jo,jo.mccarty@hotmail.com
2222,Lombard,Eitel,eitel.lombard@thomas.net
1939,Vigliotti,Susan,susan.vigliotti@yahoo.co.uk
2456,Germano,Jacqueline,jacqueline.germano@valette.fr
2794,Ruppert,Fidel,fidel.ruppert@yahoo.co.uk
2648,Eigenwillig,Margaret,margaret.eigenwillig@yahoo.com
2545,Harding,Yvette,yvette.harding@yahoo.co.uk
3273,Karge,Federigo,federigo.karge@bohlander.com
6155,Armenta,Guenther,guenther.armenta@free.fr
6064,Higgins,Coriolano,coriolano.higgins@murphy.org.au
1729,Rubio,Felix,felix.rubio@ebert.de
4969,Leveque,Melanie,melanie.leveque@fleury.net
3402,Galeati,Abbie,abbie.galeati@ubaldi.it
2810,Caccioppoli,Vittorio,vittorio.caccioppoli@yahoo.com
2217,Valenzuela,Biagio,biagio.valenzuela@robinson.info
5140,Green,Dario,dario.green@live.com
4497,Textor,Alwina,alwina.textor@poste.it
5100,Baeza,Diether,diether.baeza@grupo.biz
3390,Trevino,Sole,sole.trevino@hotmail.com
1926,Bernardi,Darren,darren.bernardi@brooks-martin.com
3264,Heser,Martina,martina.heser@morellato.it
2573,Giacometti,Bethan,bethan.giacometti@gmail.com
3628,Duhamel,Ethan,ethan.duhamel@sfr.fr
3826,Warren,Corrado,corrado.warren@hotmail.com.au
5983,Pulido,Damian,damian.pulido@yahoo.de
5678,Osborne,Dino,dino.osborne@despacho.com
2093,Bernetti,Nicolaus,nicolaus.bernetti@aol.de
5333,Carroll,Gianna,gianna.carroll@perez.com
5139,Knight,Grit,grit.knight@web.de
3173,Weinhold,Erin,erin.weinhold@hotmail.fr
3333,Jordan,Craig,craig.jordan@gmail.com
2262,Respighi,Homero,homero.respighi@gmail.com
1531,Pertile,Fanny,fanny.pertile@gmail.com
4881,Comboni,Fridolin,fridolin.comboni@graf.com
3928,Cantu,Hugh,hugh.cantu@libero.it
1803,Simmons,Alphons,alphons.simmons@hotmail.com
2321,Cafarchia,Ludovico,ludovico.cafarchia@gmail.com
6234,Kaiser,Nico,nico.kaiser@almonte.com
1422,Lamy,Kirsty,kirsty.lamy@alonzi.it
2660,Scheibe,Joshua,joshua.scheibe@turci.org
5361,Pineau,Carin,carin.pineau@yahoo.com
3420,Galarza,Ellie,ellie.galarza@pareto-cattaneo.net
4337,Lira,Marion,marion.lira@ifrance.com
2338,Angiolello,Aurelia,aurelia.angiolello@lord.com
4140,Ravaglioli,Maura,maura.ravaglioli@yahoo.com
2373,Fletcher,Brunhilde,brunhilde.fletcher@schomber.de
1344,Marques,Ottfried,ottfried.marques@tyler-watson.info
2141,Blasi,Christelle,christelle.blasi@morris-chan.com
3415,Vercelloni,Augusto,augusto.vercelloni@club-internet.fr
5696,Pruvost,Michela,michela.pruvost@holt.co.uk
1798,Escalante,Guarino,guarino.escalante@hotmail.com
1657,Padilla,Gabriela,gabriela.padilla@pearson-russell.com
3651,Dias,Agathe,agathe.dias@jackson.com
3574,Kallert,Werner,werner.kallert@gmail.com
6063,Delaunay,Lore,lore.delaunay@yahoo.com
2404,Campos,Enzio,enzio.campos@tim.it
2705,Duarte,Walther,walther.duarte@web.de
5059,Trevisan,Adelgunde,adelgunde.trevisan@gmail.com
5466,Schwartz,Thierry,thierry.schwartz@travaglio.net
5821,Andersen,Katie,katie.andersen@haney.com.au
5385,Zamorani,Kathy,kathy.zamorani@hotmail.com
3506,Tanguy,Giuseppina,giuseppina.tanguy@wanadoo.fr
5427,Klapp,Jack,jack.klapp@hotmail.com.au
6142,Leconte,Tom,tom.leconte@woods-johnson.com
2873,Cignaroli,Bonnie,bonnie.cignaroli@yahoo.com
3916,Farrell,Danny,danny.farrell@hotmail.com
1687,Bauer,Fiorenzo,fiorenzo.bauer@gmail.com
1542,Alfieri,Randy,randy.alfieri@verri.org
3087,Bradley,Tim,tim.bradley@schlosser.de
3857,Mendez,Yves,yves.mendez@gmail.com
5921,Esquivel,Raffaella,raffaella.esquivel@gmail.com
3144,Vasari,Lawrence,lawrence.vasari@castillo.edu
2676,Adams,Sam,sam.adams@yahoo.com
3646,Nicolini,Mirco,mirco.nicolini@blin.net
1321,Bajardi,Graham,graham.bajardi@yahoo.com
1399,Quinn,Luc,luc.quinn@walker.com
3169,Ullrich,Stella,stella.ullrich@hotmail.com.au
2058,Remy,Calcedonio,calcedonio.remy@edwards-benton.com
1300,Almaraz,Nanni,nanni.almaraz@martin.com
2075,Corradi,Pascual,pascual.corradi@lopez.net.au
2984,Grant,Kristi,kristi.grant@yahoo.co.uk
4768,Gracia,Manuel,manuel.gracia@trussardi.eu
3682,Hussain,Gionata,gionata.hussain@yahoo.com
5901,Nguyen,Maria,maria.nguyen@hernadez.com
3540,Baker,Leon,leon.baker@hotmail.com
2225,Alcaraz,Gianmarco,gianmarco.alcaraz@zacchia.net
1485,Little,Derrick,derrick.little@small.org
5343,Ramirez,Terry,terry.ramirez@hotmail.co.uk
5594,Clarke,Katarina,katarina.clarke@hotmail.com.au
2482,Washington,Leila,leila.washington@gmail.com
2706,Townsend,Mirko,mirko.townsend@schmitt.com
4861,Connolly,Randall,randall.connolly@jovinelli-castelli.com
2961,Burgess,Pia,pia.burgess@proyectos.org
3043,Mancini,Justine,justine.mancini@tiscali.it
6103,Wagenknecht,Reynaldo,reynaldo.wagenknecht@faure.com
4708,Magrassi,Toni,toni.magrassi@gmail.com
4395,Cisneros,Patrizio,patrizio.cisneros@martinez.edu.au
4912,Lindner,Durante,durante.lindner@picard.fr
2030,Lamborghini,Rosl,rosl.lamborghini@hiller.net
5235,Harrison,Ugo,ugo.harrison@morley-chapman.co.uk
5001,Carpenter,Isidor,isidor.carpenter@chauvin.com
4093,Zoppetto,Marie,marie.zoppetto@kallert.de
2576,Chambers,Branko,branko.chambers@ifrance.com
6122,Pineda,Alan,alan.pineda@proyectos.info
2813,Oestrovsky,Carmen,carmen.oestrovsky@gmail.com
3737,Fernandez,Shane,shane.fernandez@hotmail.de
2803,Guilbert,Debbie,debbie.guilbert@berg.edu
5508,Dossi,Vito,vito.dossi@hotmail.co.uk
3850,Schacht,Evan,evan.schacht@price.com
4220,Weston,Mandy,mandy.weston@free.fr
4532,Zito,Paulo,paulo.zito@nelson.biz
6013,Girschner,Alberto,alberto.girschner@laboratorios.com
3396,Bouvet,Giacomo,giacomo.bouvet@gmail.com
4401,Puga,Ehrentraud,ehrentraud.puga@laboratorios.com
2981,Hale,Cristian,cristian.hale@hotmail.co.uk
4467,Charles,Lilija,lilija.charles@gmail.com
1377,Legendre,Albert,albert.legendre@lee.com
5036,Renaud,Marisa,marisa.renaud@smith.org
5761,Diallo,Sharon,sharon.diallo@gmail.com
3699,Delattre,Eduardo,eduardo.delattre@lynch.net.au
4519,Wang,Bernadette,bernadette.wang@gmail.com
5395,Gibbons,Dina,dina.gibbons@brewer.net
3057,Armstrong,Clara,clara.armstrong@vodafone.it
2741,Herrmann,Elliott,elliott.herrmann@hotmail.com.au
1675,Vidal,Graziella,graziella.vidal@hotmail.com
2712,Becerra,Francisca,francisca.becerra@young.com.au
4527,Boyer,Edeltrud,edeltrud.boyer@outlook.com
1722,Noble,Julian,julian.noble@hill.org.au
4330,Bohnbach,Christophe,christophe.bohnbach@ifrance.com
5219,Angulo,Ippazio,ippazio.angulo@yahoo.com
4997,Kroker,Grace,grace.kroker@hotmail.com
2239,Ferguson,Jared,jared.ferguson@roberts.com
4587,McLean,Virginie,virginie.mclean@yahoo.com
4113,Potter,Mason,mason.potter@gmail.com
4762,Anaya,Aaron,aaron.anaya@hotmail.com.au
5242,Ornelas,Leah,leah.ornelas@gmail.com
5765,Roy,Harald,harald.roy@web.de
2185,Martel,Micaela,micaela.martel@hotmail.com
5500,Sanders,Vincentio,vincentio.sanders@voila.fr
3494,Norbiato,Bettina,bettina.norbiato@allen-lutz.org
3924,Renner,Julio,julio.renner@industrias.net
3521,Stiffel,Jelena,jelena.stiffel@trupp.de
5262,Munoz,Guadalupe,guadalupe.munoz@murray-hamilton.com.au
3684,Noack,Whitney,whitney.noack@laboratorios.org
5784,Migliaccio,Gelsomina,gelsomina.migliaccio@junk.com
1498,Pereira,Evangelista,evangelista.pereira@thompson-peterson.biz
6073,Comolli,Gareth,gareth.comolli@tiscali.fr
4939,Hess,Michelangelo,michelangelo.hess@bouygtel.fr
